{
    "DecisionTree": {
        "accuracy": 0.8559322033898306,
        "precision": 0.8498822231075255,
        "recall": 0.8559322033898306,
        "f1_score": 0.8520156591157921,
        "best_params": {
            "max_depth": 10,
            "min_samples_split": 2
        }
    },
    "Bagging": {
        "accuracy": 0.9092009685230025,
        "precision": 0.9074427364579718,
        "recall": 0.9092009685230025,
        "f1_score": 0.9038782272062285,
        "best_params": {
            "max_samples": 1.0,
            "n_estimators": 100
        }
    },
    "RandomForest": {
        "accuracy": 0.8995157384987893,
        "precision": 0.9002837886533428,
        "recall": 0.8995157384987893,
        "f1_score": 0.8905602079001821,
        "best_params": {
            "max_depth": null,
            "n_estimators": 100
        }
    },
    "AdaBoost": {
        "accuracy": 0.8353510895883777,
        "precision": 0.83702593556752,
        "recall": 0.8353510895883777,
        "f1_score": 0.7981667243168453,
        "best_params": {
            "learning_rate": 1.0,
            "n_estimators": 100
        }
    },
    "GradientBoosting": {
        "accuracy": 0.8946731234866828,
        "precision": 0.8936672428197853,
        "recall": 0.8946731234866828,
        "f1_score": 0.8856682215806448,
        "best_params": {
            "learning_rate": 0.1,
            "max_depth": 5,
            "n_estimators": 100
        }
    },
    "XGBoost": {
        "accuracy": 0.8837772397094431,
        "precision": 0.8826916383184045,
        "recall": 0.8837772397094431,
        "f1_score": 0.8718832235810566,
        "best_params": {
            "learning_rate": 0.1,
            "max_depth": 5,
            "n_estimators": 100
        }
    }
}